_id,appoinmentDate,appointmentDate,companyName,createdBy,createdDate,demo,designation,email,fullName,industry,leadSource,leadStatus,linkedinProfile,location,modifiedBy,modifiedDate,phone,primaryPhone,remarks,secondaryPhone
64ec569e23f6ac9faf9e59b5,,,Netmeds,"{""userId"":""643e93149ef6fe872744d0aa"",""userName"":""sureshmahath@gmail.com"",""userFullName"":""Suresh Kumar"",""userRole"":{""_id"":""6461cca66098f326a744f323"",""roleName"":""VP""},""userRoleName"":""VP"",""userDepartment"":""Admin""}",1.69321E+12,,HR leader,,philip joshua assey,Pharmacy,Web,Converted,https://www.linkedin.com/in/iamphiljosh/,Chennai,"{""userId"":""643e93149ef6fe872744d0aa"",""userName"":""sureshmahath@gmail.com"",""userFullName"":""Suresh Kumar"",""userRole"":{""_id"":""6461cca66098f326a744f323"",""roleName"":""VP""},""userRoleName"":""VP"",""userDepartment"":""Admin""}",1.69321E+12,044-30254141/67,,"contact person - mahesh, mohan -email- hrteam@netmeds.com",
64ec569e23f6ac9faf9e59b6,,,VGN projects estates,"{""userId"":""643e93149ef6fe872744d0aa"",""userName"":""sureshmahath@gmail.com"",""userFullName"":""Suresh Kumar"",""userRole"":{""_id"":""6461cca66098f326a744f323"",""roleName"":""VP""},""userRoleName"":""VP"",""userDepartment"":""Admin""}",1.69321E+12,,HR,,Lokesh,RealEstate,Web,Converted,https://www.linkedin.com/in/lokesh-v-97202663/,Chennai,"{""userId"":""643e93149ef6fe872744d0aa"",""userName"":""sureshmahath@gmail.com"",""userFullName"":""Suresh Kumar"",""userRole"":{""_id"":""6461cca66098f326a744f323"",""roleName"":""VP""},""userRoleName"":""VP"",""userDepartment"":""Admin""}",1.69321E+12,044-43439900,,ashok- HR-No requirement,
64ec569e23f6ac9faf9e59b7,,,Akshaya pvt ltd,"{""userId"":""643e93149ef6fe872744d0aa"",""userName"":""sureshmahath@gmail.com"",""userFullName"":""Suresh Kumar"",""userRole"":{""_id"":""6461cca66098f326a744f323"",""roleName"":""VP""},""userRoleName"":""VP"",""userDepartment"":""Admin""}",1.69321E+12,,HR Manager,marketing@akshaya.com,Anusha srinivasan,RealEstate,Web,Converted,https://www.linkedin.com/in/anusha-srinivasan-324149129/,Chennai,"{""userId"":""643e93149ef6fe872744d0aa"",""userName"":""sureshmahath@gmail.com"",""userFullName"":""Suresh Kumar"",""userRole"":{""_id"":""6461cca66098f326a744f323"",""roleName"":""VP""},""userRoleName"":""VP"",""userDepartment"":""Admin""}",1.69321E+12,044 � 4200 8811/ 044 � 2496 8811,,vinothkumar.s@akshayapvtltd-no requirement,
64ec569e23f6ac9faf9e59b8,,,True value homes india pvt ltd,"{""userId"":""643e93149ef6fe872744d0aa"",""userName"":""sureshmahath@gmail.com"",""userFullName"":""Suresh Kumar"",""userRole"":{""_id"":""6461cca66098f326a744f323"",""roleName"":""VP""},""userRoleName"":""VP"",""userDepartment"":""Admin""}",1.69321E+12,,General manager - HR,sales@tvh.in,Paramasivan palaniswamy,RealEstate,Web,,https://www.linkedin.com/in/paramasivan-palanisamy-95416b42/,Chennai,"{""userId"":""643e93149ef6fe872744d0aa"",""userName"":""sureshmahath@gmail.com"",""userFullName"":""Suresh Kumar"",""userRole"":{""_id"":""6461cca66098f326a744f323"",""roleName"":""VP""},""userRoleName"":""VP"",""userDepartment"":""Admin""}",1.69321E+12,+91 44 7122 7122,,9176923000 - currently using other tool,
64ec569e23f6ac9faf9e59b9,,,Navins,"{""userId"":""643e93149ef6fe872744d0aa"",""userName"":""sureshmahath@gmail.com"",""userFullName"":""Suresh Kumar"",""userRole"":{""_id"":""6461cca66098f326a744f323"",""roleName"":""VP""},""userRoleName"":""VP"",""userDepartment"":""Admin""}",1.69321E+12,,Deputy manager- HR,contracts@navins.in,vijitha prabha,RealEstate,Web,,https://www.linkedin.com/in/vijitha-prabha-590371227/,Chennai,"{""userId"":""643e93149ef6fe872744d0aa"",""userName"":""sureshmahath@gmail.com"",""userFullName"":""Suresh Kumar"",""userRole"":{""_id"":""6461cca66098f326a744f323"",""roleName"":""VP""},""userRoleName"":""VP"",""userDepartment"":""Admin""}",1.69321E+12,044-66661121,,RNR,
,,,Two Frozer,"{""userId"":""643e93149ef6fe872744d0aa"",""userName"":""sureshmahath@gmail.com"",""userFullName"":""Suresh Kumar"",""userRole"":{""_id"":""6461cca66098f326a744f323"",""roleName"":""VP""},""userRoleName"":""VP"",""userDepartment"":""Admin""}",1.69321E+12,,MD,info@thefrozencompany.in,Rameez Ali,FoodBeverage,Web,,https://www.linkedin.com/in/rameez-ali-906477189,Chennai,"{""userId"":""643e93149ef6fe872744d0aa"",""userName"":""sureshmahath@gmail.com"",""userFullName"":""Suresh Kumar"",""userRole"":{""_id"":""6461cca66098f326a744f323"",""roleName"":""VP""},""userRoleName"":""VP"",""userDepartment"":""Admin""}",1.69321E+12,+91 8891 888 185/+91 8891 888 184,,,
