accountName,accountNumber,annualRevenue,billingAddress,billingCities,billingCity,billingCountry,createdBy,createdDate,industry,inventoryDetails,modifiedBy,modifiedDate,phone,rating,type,InventoryName,Propertydetails
test,,,,,Abu Dhabi,UAE,"{""userId"":""643e93149ef6fe872744d0aa"",""userName"":""sureshmahath@gmail.com"",""userFullName"":""Suresh Kumar"",""userRole"":{""_id"":""6461cca66098f326a744f323"",""roleName"":""VP""},""userRoleName"":""VP"",""userDepartment"":""Admin""}",1.69296E+12,,,"{""userId"":""643e93149ef6fe872744d0aa"",""userName"":""sureshmahath@gmail.com"",""userFullName"":""Suresh Kumar"",""userRole"":{""_id"":""6461cca66098f326a744f323"",""roleName"":""VP""},""userRoleName"":""VP"",""userDepartment"":""Admin""}",1.69296E+12,43,Hot,,,
Nushi,,,,,,,"{""userId"":""643e93149ef6fe872744d0aa"",""userName"":""sureshmahath@gmail.com"",""userFullName"":""Suresh Kumar"",""userRole"":{""_id"":""6461cca66098f326a744f323"",""roleName"":""VP""},""userRoleName"":""VP"",""userDepartment"":""Admin""}",1.69296E+12,,,"{""userId"":""643e93149ef6fe872744d0aa"",""userName"":""sureshmahath@gmail.com"",""userFullName"":""Suresh Kumar"",""userRole"":{""_id"":""6461cca66098f326a744f323"",""roleName"":""VP""},""userRoleName"":""VP"",""userDepartment"":""Admin""}",1.69296E+12,,Cold,,,
test2,,,,,Dubai,UAE,"{""userId"":""643e93149ef6fe872744d0aa"",""userName"":""sureshmahath@gmail.com"",""userFullName"":""Suresh Kumar"",""userRole"":{""_id"":""6461cca66098f326a744f323"",""roleName"":""VP""},""userRoleName"":""VP"",""userDepartment"":""Admin""}",1.69296E+12,Pharmaceutical,,"{""userId"":""643e93149ef6fe872744d0aa"",""userName"":""sureshmahath@gmail.com"",""userFullName"":""Suresh Kumar"",""userRole"":{""_id"":""6461cca66098f326a744f323"",""roleName"":""VP""},""userRoleName"":""VP"",""userDepartment"":""Admin""}",1.69296E+12,,Hot,,,
test,,,,,,,"{""userId"":""643e93149ef6fe872744d0aa"",""userName"":""sureshmahath@gmail.com"",""userFullName"":""Suresh Kumar"",""userRole"":{""_id"":""6461cca66098f326a744f323"",""roleName"":""VP""},""userRoleName"":""VP"",""userDepartment"":""Admin""}",1.69296E+12,,,"{""userId"":""643e93149ef6fe872744d0aa"",""userName"":""sureshmahath@gmail.com"",""userFullName"":""Suresh Kumar"",""userRole"":{""_id"":""6461cca66098f326a744f323"",""roleName"":""VP""},""userRoleName"":""VP"",""userDepartment"":""Admin""}",1.69296E+12,,Hot,,,
test final,,,,,,,"{""userId"":""643e93149ef6fe872744d0aa"",""userName"":""sureshmahath@gmail.com"",""userFullName"":""Suresh Kumar"",""userRole"":{""_id"":""6461cca66098f326a744f323"",""roleName"":""VP""},""userRoleName"":""VP"",""userDepartment"":""Admin""}",1.69296E+12,,,"{""userId"":""643e93149ef6fe872744d0aa"",""userName"":""sureshmahath@gmail.com"",""userFullName"":""Suresh Kumar"",""userRole"":{""_id"":""6461cca66098f326a744f323"",""roleName"":""VP""},""userRoleName"":""VP"",""userDepartment"":""Admin""}",1.69296E+12,,Hot,,,
